<?xml version="1.0" encoding="UTF-8"?>
<beans xmlns="http://www.springframework.org/schema/beans"
	xmlns:xsi="http://www.w3.org/2001/XMLSchema-instance"
	xmlns:context="http://www.springframework.org/schema/context"
	xmlns:mvc="http://www.springframework.org/schema/mvc"
	xsi:schemaLocation="http://www.springframework.org/schema/beans http://www.springframework.org/schema/beans/spring-beans.xsd
		http://www.springframework.org/schema/context http://www.springframework.org/schema/context/spring-context-4.3.xsd
		http://www.springframework.org/schema/mvc http://www.springframework.org/schema/mvc/spring-mvc-4.3.xsd">

	
	<context:component-scan base-package="com.cs" />
	<bean id="viewResolver"
		class="org.springframework.web.servlet.view.InternalResourceViewResolver">
		<property name="prefix" value="/"></property>
		<property name="suffix" value=".jsp"></property>
	</bean>
</beans>






<!-- <?xml version="1.0" encoding="UTF-8"?> <beans xmlns="http://www.springframework.org/schema/beans" 
	xmlns:xsi="http://www.w3.org/2001/XMLSchema-instance" xmlns:aop="http://www.springframework.org/schema/aop" 
	xmlns:context="http://www.springframework.org/schema/context" xmlns:jee="http://www.springframework.org/schema/jee" 
	xmlns:lang="http://www.springframework.org/schema/lang" xmlns:p="http://www.springframework.org/schema/p" 
	xmlns:tx="http://www.springframework.org/schema/tx" xmlns:util="http://www.springframework.org/schema/util" 
	xmlns:mvc="http://www.springframework.org/schema/mvc" xsi:schemaLocation="http://www.springframework.org/schema/beans 
	http://www.springframework.org/schema/beans/spring-beans-3.2.xsd http://www.springframework.org/schema/aop 
	http://www.springframework.org/schema/aop/spring-aop.xsd http://www.springframework.org/schema/context 
	http://www.springframework.org/schema/context/spring-context-3.0.xsd http://www.springframework.org/schema/jee 
	http://www.springframework.org/schema/jee/spring-jee.xsd http://www.springframework.org/schema/lang 
	http://www.springframework.org/schema/lang/spring-lang.xsd http://www.springframework.org/schema/tx 
	http://www.springframework.org/schema/tx/spring-tx-3.0.xsd http://www.springframework.org/schema/util 
	http://www.springframework.org/schema/util/spring-util.xsd http://www.springframework.org/schema/mvc 
	http://www.springframework.org/schema/mvc/spring-mvc-3.0.xsd"> <context:component-scan 
	base-package="com.cs" /> <bean class="org.springframework.web.servlet.view.InternalResourceViewResolver"> 
	<property name="prefix" value="/"></property> <property name="suffix" value=".jsp"></property> 
	</bean> </beans> -->